"0%","Puzzle ID:Puzzle Name","Author","XP (before v21.0)","XP","MP","Size","Category 1","Category 2","Puzzle type","Added"
"","[#103298:Zombie]","Draco Machination","3005","2774","56","80x80","Unreal","","","1"
"","[#166558:A lot of Skulls]","skullgirl","2983","2754","56","80x80","Unreal","","","2"
"","[#145125:Tiger]","AJ7411","2066","~1893","38","80x80","Animals","","","3"
"","[#72380:Cat]","SHAMKIREC","2316","~2137","43","80x80","Cats","","","4"
"","[#50895:Nest]","Street Fighter","2918","2693","54","80x76","Birds","","","5"
"","[#113058:Black Skull 2.0]","skullgirl","2568","~2370","48","78x80","Unreal","Painting","","6"
"","[#159326:Bachira]","the agreste","2109","~1946","39","80x80","Anime","Sport","","7"
"","[#162967:ONE PIECE - SANJI]","ayakasumiria","2488","2297","46","80x80","Anime","","","8"
"","[#78292:(Aang,Kora)]","kristalaks","2069","~1909","39","80x80","Cartoon","Symbols","","9"
"","[#46444:Alice in Wonderland]","Ksana","2365","~2183","44","80x80","Movies","Fantasy","","10"
"","[#15482:Electrical panel]","krovosos","2470","2470","50","80x80","Machines","","","11"
"","[#43052:Pirate's ship]","Undrick","2109","~1933","39","80x80","Pirates","Ships","","12"
"","[#112509:Black Skull 1.0]","skullgirl","3442","3177","60","80x80","Unreal","Painting","","13"
"","[#62684:Lotus flower]","Jobedash","3609","3331","60","80x80","Flowers","","","14"
"","[#86735:CHUNITHM""Lilyalice Colchicum""]","KSK_Shizuno","3010","2779","56","80x80","Anime","Video","","15"
"","[#41624:Vase with Flowers]","Alexroma5","2737","~2508","51","80x80","Flowers","","","16"
"","[#143653:Wreath]","Blooming Lynx","2641","~2420","49","80x80","Cats","Flowers","","17"
"","[#150291:Dragon]","DraKay","2587","2388","48","80x80","Dragons","","","18"
"","[#142003:Swallow on a branch with flowers]","Lisenok_chiffa","2401","2216","45","80x80","Birds","Flowers","","19"
"","[#165683:Mickey to catch a thief]","Mitsakos","2422","2236","45","80x80","Cartoon","","","20"
"","[#164892:Square 10]","Netwale","2092","~1931","39","80x80","Designs","","","21"
"","[#141516:Spirals]","bobbie420","2059","2059","42","80x80","Designs","","","22"
"","[#129883:Snake]","yunzen","2040","2040","41","80x80","Designs","","","23"
"","[#85835:Bearclaw]","savrage","3110","2871","58","80x80","Animals","Painting","","24"
"","[#100443:Long is the road]","toufraita2","2842","2623","53","80x80","Nature","","","25"
"","[#154317:Tree]","Dragofly","2616","2415","49","80x80","Plants","","","26"
"","[#153737:""Ellen Terry at Age Sixteen"" (Cameron)]","Lysy Jan FOX","2398","2398","60","80x80","People","History","","27"
"","[#58252:Tarot - AEther Realm]","TheComet811","3693","3409","60","80x80","Painting","Music","","28"
"","[#87217:CHUNITHM""Makino Moco""]","KSK_Shizuno","2926","2701","55","80x80","Anime","Video","","29"
"","[#91493:the most difficult maze]","Sora7","3776","3485","60","80x80","Adventures","Games","","30"
"","[#135295:Hydra Greek Island]","Anglo.in.Saxony","2433","2433","60","80x80","Houses","Adventures","","31"
"","[#159400:Eagle]","Lisenok_chiffa","2554","2357","48","80x80","Birds","","","32"
"","[#103879:Jotaro Kujo]","cl0n3","2546","2350","47","80x80","Anime","Super","","33"
"","[#151134:Einstein]","Late555","2533","2338","47","80x80","People","","","34"
"","[#44386:Bastet]","LUNA-CROIX","2558","2362","48","80x80","Video","Egypt","","35"
"","[#80676:Trippy apple]","Marco818","2545","~2332","47","80x80","Fiction","","","36"
"","[#53470:Knight""3""]","Alexroma5","2697","~2472","50","80x80","History","Weapons","","37"
"","[#73742:THE EYE!!!!!!!]","Ephemera","2533","2338","47","80x80","Photorealism","","","38"
"","[#53469:Knight""2""]","Alexroma5","2366","~2168","44","80x80","History","Weapons","","39"
"","[#165907:Taniwha 2]","Mike1955","2024","2024","60","80x80","Unreal","History","","40"
"","[#152219: Doppo Kunikida]","J0pa","2567","2370","48","73x73","Anime","","","41"
"","[#103228: Cat and birds]","Vincent091","2504","2311","47","78x78","Cats","Nature","","42"
"","[#164509:Cat in a package]","Lisenok_chiffa","2100","~1938","39","80x80","Cats","","","43"
"","[#168182:Galleon]","Mike1955","2076","2076","60","80x80","Ships","","","44"
"","[#143849:Gintoki-Gintama]","GOOGO","2296","~2119","43","80x80","Anime","","","45"
"","[#163335:Dog]","the agreste","2328","2149","43","80x80","Dogs","","","46"
"","[#167860:Fantasy bow]","nanopsae","2142","~1977","40","75x79","Fantasy","Weapons","","47"
"","[#149025:Shinobu]","the agreste","2384","~2200","44","80x80","Anime","","","48"
"","[#86065:BTS]","JennsNonograms","2295","2118","43","75x75","Symbols","Music","","49"
"","[#169613:Idc anymore]","Dilatoryboi","2581","~2365","48","80x80","Plants","Space","","50"
"","[#128615:On a wire]","Claireskee","2609","2409","49","75x75","Birds","Nature","","51"
"","[#152875:Eyewhirl]","ysamurai","2614","~2396","48","80x80","Painting","","","52"
"","[#105948:Galleon]","Draco Machination","2679","~2472","50","80x80","Ships","","","53"
"","[#169346:Turtle]","AJ7411","2016","~1848","37","80x80","Fish","","","54"
"","[#126594:Two dragons]","Osoca","2373","~2190","44","75x75","Dragons","Love","","55"
"","[#47854:ucdevs]","Alexroma5","2690","~2465","50","80x80","Dragons","","","56"
"","[#62993: Satori Komeiji]","SonyNel","2680","2474","50","80x80","Anime","Video","","57"
"","[#86706:CHUNITHM""Astraea""]","KSK_Shizuno","2911","2687","54","80x80","Anime","Video","","58"
"","[#169618:Mountains]","Giannis","2074","1914","39","80x80","Nature","","","59"
"","[#34376:Spanish' castle]","stoerne","2233","2061","42","80x80","Houses","History","","60"
"","[#145108:Dragon]","AJ7411","2842","2624","53","80x80","Dragons","","","61"
"","[#92880:Fubuki (One Punch Man)]","Swapnil Bankar","2286","2110","43","80x80","Anime","","","62"
"","[#19570:Flirt]","Street Fighter","2097","1922","39","80x80","People","","","63"
"","[#155515:+++Squares 107]","kata57","2232","~2060","42","80x80","Designs","","","64"
"","[#171062:Chessboard]","Marcopei","2618","~2416","49","80x80","Games","","","65"
"","[#159008:Tanjiro]","the agreste","2647","2443","49","80x80","Anime","","","66"
"","[#40278:Somewhere in Venice]","belko61","2374","2374","48","80x80","Houses","Around","","67"
"","[#148157:OOT Triforce]","Rv_","2554","~2341","47","80x80","Video","Symbols","","68"
"","[#118383:Cosmonautics Day April 12]","Malevich)","2153","2153","60","80x80","People","Space","","69"
"","[#49140:Little Red Riding Hood]","Alexroma5","2103","2103","43","80x80","Cartoon","Fantasy","","70"
"","[#53394:Ancient city]","Alexroma5","2517","2307","47","80x80","Houses","Around","","71"
"","[#61834:SUDOKU]","unko","2807","~2573","52","77x77","Games","","","72"
"","[#169782:Captain America]","eyco","2271","2096","42","80x76","Cartoon","Super","","73"
"","[#86690:Italian street]","Anita Kendrick","3193","2948","59","80x80","Houses","","","74"
"","[#147755:Bird 4]","AJ7411","2125","~1961","40","80x80","Birds","","","75"
"","[#86705:maimai""Otohime""]","KSK_Shizuno","2567","~2369","48","80x80","Anime","Video","","76"
"","[#115081:CHUNITHM""Hakobe Naru""]","KSK_Shizuno","2685","~2478","50","80x80","Anime","Video","","77"
"","[#59377:Dino egg hatching]","Jobedash","2432","2432","49","80x80","Cartoon","","","78"
"","[#143185:Sudoku figura]","Woleen","2758","~2545","51","77x77","Games","","","79"
"","[#65651:Fisherman and the Golden Fish]","belko61","2083","2083","42","70x80","Fantasy","","","80"
"","[#102708:Cat face]","Vincent091","2497","2305","47","80x80","Cats","","","81"
"","[#60614:Nonograms Katana]","SonyNel","2930","~2704","55","80x80","Symbols","Games","","82"
"","[#65642:RPG Character]","belko61","2036","2036","41","70x80","Video","Fantasy","","83"
"","[#102782:Ilya Muromets]","belko61","2109","2109","43","70x80","Fantasy","","","84"
"","[#79800:Church]","Alud","2556","2343","47","80x80","Nature","History","","85"
"","[#134407:Millenium falcon]","Victor Azevedo","2224","~2052","42","80x80","Movies","Fiction","","86"
"","[#169917:Av]","arti4ever","2033","~1876","38","80x80","Unreal","","","87"
"","[#118928:ONE PIECE TRAFALGAR-LAW]","ayakasumiria","2216","~2045","41","80x78","Anime","","","88"
"","[#61331:Knight 5]","Alexroma5","2127","2127","43","79x79","Adventures","Weapons","None","89"
"","[#118092:Tree of life]","muttn","2386","~2202","45","75x75","Plants","Nature","","90"
"","[#102067:bear]","chibis","2117","~1940","39","80x80","Animals","","","91"
"","[#173296:Looking at sunset]","toufraita2","2971","2743","55","80x80","Nature","Twilight","","92"
"","[#87752:Saber-toothed Tiger]","belko61","2174","2174","60","80x75","Unreal","Animals","","93"
"","[#171208:Easter]","Ella07","2425","~2238","45","80x80","Holidays","","","94"
"","[#45943:Conestoga wagon]","Alexroma5","2084","~1910","39","80x80","Transport","","","95"
"","[#70605:Joker]","Jobedash","3285","3032","60","80x80","Movies","People","","96"
"","[#100227:Scarlett and Rett]","SalAlex","2233","2061","42","80x80","Movies","People","","97"
"","[#102777:Pianist]","belko61","2279","2279","60","80x80","People","Music","","98"
"","[#143075:Maze]","Woleen","2844","~2625","53","80x80","Games","","","99"
"","[#149973:Crocodile 2]","AJ7411","2516","~2322","47","80x80","Fish","","","100"
"","[#103950:Shion]","EeveeArc","2353","~2156","44","80x80","Video","","","101"
"","[#104719:a scared girl running]","ambrine","2622","~2420","49","80x80","Anime","People","","102"
"","[#101476:Love80]","bobbieann","2659","~2437","49","80x80","Love","","","103"
"","[#55385:Chess]","KillTheRico","2552","~2355","48","80x80","Games","","","104"
"","[#154440:e2e4]","SID","2595","~2395","48","80x80","Games","Sport","","105"
"","[#57372:Daisy in the meadow]","Jobedash","2940","2713","55","80x80","Flowers","","","106"
"","[#79112:Mermaid 2.0]","Jobedash","2912","2688","54","80x80","Fantasy","Unreal","","107"
"","[#87355:CHUNITHM""Chocolat""]","KSK_Shizuno","2521","~2310","47","80x80","Anime","Video","","108"
"","[#36578:Cosmonaut]","belko61","2064","2064","60","75x80","People","Space","","109"
"","[#61873:Bird]","SonyNel","2172","~2004","41","80x74","Birds","","","110"
"","[#10956:Leopard]","belko61","2005","~1850","37","80x65","Animals","","","111"
"","[#162307:gintoki-gintama]","GOOGO","2384","~2200","44","80x80","Anime","","","112"
"","[#147204:Movie]","AJ7411","2283","~2107","43","80x80","Cartoon","Animals","","113"
"","[#135889:Irbis]","belko61","2004","2004","41","80x75","Animals","","","114"
"","[#141636:House]","chibis","2482","2482","60","80x80","Houses","","","115"
"","[#37008:lion]","Alexroma5","2104","~1928","39","80x70","Animals","","","116"
"","[#47851:Italian landscape]","Alexroma5","2489","~2281","46","80x80","Nature","Around","","117"
"","[#63268:Moana]","Jobedash","2688","2464","50","80x80","Cartoon","Movies","","118"
"","[#87004:CHUNITHM""Amano Ai""]","KSK_Shizuno","2735","~2524","51","80x80","Anime","Video","","119"
"","[#145575:Animal]","AJ7411","2135","1971","40","80x80","Animals","","","120"
"","[#172186:Mother of the Universe]","AshenThrone","2310","~2132","43","80x80","Fiction","Space","","121"
"","[#135778:Xenomorph (Alien)]","Crep","2475","2285","46","80x80","Movies","Unreal","","122"
"","[#36060:Zebra]","Alexroma5","2488","2297","46","80x80","Animals","","","123"
"","[#43598:Marvin the Martian]","pharmadrum","3088","2850","57","80x74","Cartoon","","","124"
"","[#134694:Gnomes1]","Nana57","3010","2778","56","80x80","Unreal","","","125"
"","[#122085:Dream of fishing]","mortyrus","2964","2736","55","80x80","Nature","Games","","126"
"","[#135929:Over the horizon]","L E B lll A","2854","~2634","53","80x80","Twilight","Ships","","127"
"","[#27773:Flower Basket]","belko61","2757","~2544","51","80x75","Flowers","Painting","","128"
"","[#147453:Paper Games: Hangman]","ErinAero1","2746","2535","51","80x80","Games","","","129"
"","[#139394:Church3]","bobbie420","2740","2511","51","75x80","Houses","","","130"
"","[#141767:House in the village]","chibis","2717","2717","60","80x80","Houses","","","131"
"","[#41146:Egypt]","Alexroma5","2602","2385","48","78x74","Egypt","","","132"
"","[#42614:Pheasant]","Alexroma5","2582","2384","48","80x80","Birds","","","133"
"","[#155395:+++Squares 104]","kata57","2525","2525","51","80x80","Designs","","","134"
"","[#154124:+++Squares 92]","kata57","2485","2485","50","80x80","Designs","","","135"
"","[#98551:7x7 tank nonogram in nonogram]","TRico2","2463","2463","50","80x80","Games","Weapons","None","136"
"","[#124730:On the tree hammock]","Claireskee","2442","2254","46","80x80","Plants","People","","137"
"","[#151442:+++Squares 36]","kata57","2439","~2251","46","80x80","Designs","","","138"
"","[#36730:year of the rooster]","Alexroma5","2430","~2243","45","80x80","Birds","","","139"
"","[#112185:Mt.fuji & wave]","cure grace","2426","~2239","45","80x80","Nature","Painting","","140"
"","[#73194:Deer]","belko61","2419","2419","60","80x80","Animals","","","141"
"","[#150391:+++Squares 10]","kata57","2412","2412","49","80x80","Designs","","","142"
"","[#74455:The last tree...]","Malgoska","2398","2398","60","80x80","Nature","","","143"
"","[#86268:Neuschwanstein]","Anglo.in.Saxony","2372","2372","60","80x80","Around","Adventures","","144"
"","[#141768:Forest]","chibis","2361","2361","60","80x80","Plants","Nature","","145"
"","[#98137:Grape Wine]","belko61","2360","2360","60","80x80","Plants","Food","","146"
"","[#162387:+++Squares 151]","kata57","2357","~2175","44","80x80","Designs","","","147"
"","[#92342:Tower]","L E B lll A","2352","~2171","44","80x80","Dragons","Houses","","148"
"","[#150354:+++Squares 6]","kata57","2347","~2166","44","80x80","Designs","","","149"
"","[#151103:+++Squares 26]","kata57","2340","~2160","44","80x80","Designs","","","150"
"","[#81277:Pretty Cow]","belko61","2339","2339","60","80x75","Animals","","","151"
"","[#97852:Miller's House]","Alud","2331","2331","60","80x80","Nature","Houses","","152"
"","[#150378:Asymetrics squares]","Nomase","2327","~2148","43","80x80","Designs","","","153"
"","[#36582:Shere Khan]","belko61","2322","2322","60","75x75","Cartoon","Animals","","154"
"","[#61049:Dragon Gorynych]","belko61","2310","2310","47","80x80","Fantasy","Dragons","","155"
"","[#88994:Sirin]","belko61","2305","2305","47","80x80","Unreal","History","","156"
"","[#169575:Hourglass Segment]","Mike1955","2301","2301","60","80x80","Objects","","","157"
"","[#152765:+++Squares 61]","kata57","2290","~2099","42","80x80","Designs","","","158"
"","[#145741:Amsterdam at sunset, in B&W]","Vladimir Grachev","2288","2288","60","80x80","Houses","","","159"
"","[#165651:Steamboat Willie 2]","Anglo.in.Saxony","2281","2281","60","80x80","Cartoon","Animals","","160"
"","[#149895:Giraffe]","Pawn_b4","2269","2269","60","75x80","Animals","","","161"
"","[#41193:Girl]","Alexroma5","2265","~2090","42","80x80","People","","","162"
"","[#9169:Castle]","Street Fighter","2234","2234","45","80x80","Houses","","","163"
"","[#74184:In the rushes.]","Malgoska","2229","~2043","41","80x80","Plants","Nature","","164"
"","[#152111:Iguro]","the agreste","2226","~2040","41","80x80","Anime","","","165"
"","[#75283:Checkers]","Terry Boot","2214","~2043","41","72x72","Games","","","166"
"","[#70386:Maze]","Overland","2210","~2025","41","80x80","Designs","","","167"
"","[#113532:Patterns]","Jajajajaja248","2203","~2033","41","80x80","Designs","","","168"
"","[#126239:Tsar Terem]","belko61","2194","2194","44","80x70","Houses","","","169"
"","[#152087:+++Squares 48]","kata57","2182","~2000","40","80x80","Designs","","","170"
"","[#114853:Waterfall]","belko61","2182","2182","44","75x80","Nature","","","171"
"","[#130712:Yoshijage Kira Jojo4]","utenanana","2170","2170","44","80x80","Anime","","None","172"
"","[#141553:Village]","chibis","2169","2169","60","80x80","Nature","Houses","","173"
"","[#117574:Great Tit]","Dogiuks","2114","~1951","40","80x70","Birds","","","174"
"","[#140213:Violet Evergarden]","rphii","2093","~1918","39","80x80","Anime","","","175"
"","[#165114:Kahu Hawk]","Mike1955","2077","2077","60","80x80","Birds","","","176"
"","[#150303:+++Squares 7]","kata57","2073","~1913","39","80x80","Designs","","","177"
"","[#70655:Vulture]","belko61","2071","2071","60","80x80","Birds","","","178"
"","[#152444:+++Squares 63]","kata57","2058","~1886","38","80x80","Designs","","","179"
"","[#154624:+++Squares 99]","kata57","2058","~1886","38","80x80","Designs","","","180"
"","[#122220:House by the river]","Claireskee","2055","1884","38","75x70","Nature","Houses","","181"
"","[#98130:Grape Harvest]","belko61","2054","2054","60","70x80","Plants","People","","182"
"","[#151088:+++Squares 23]","kata57","2052","~1894","38","80x80","Designs","","","183"
"","[#122121:Constellations in Stars]","Scarheart","2043","~1872","38","70x70","Space","Horoscope","","184"
"","[#59245:Dance]","belko61","2001","2001","41","80x80","People","Music","None","185"
"","[#172844:Castle]","Turkish_123","2242","~2069","42","60x80","Houses","","","186"
"","[#176071:Medieval castle l]","Dimsum","2541","~2329","47","80x80","Houses","History","","187"
"","[#174168:Discworld 26]","Lisenok_chiffa","2741","~2530","51","80x80","Fantasy","","","188"
"","[#190178:Christmas tree]","simsomyung","3240","2991","60","80x80","Plants","Holidays","","189"
"","[#185477:Dragon]","iltarusko","3045","2810","57","80x80","Dragons","","","190"
"","[#181023:The angel]","iltarusko","3028","2795","56","80x80","History","","","191"
"","[#199982:twinkle twinkle little star]","Jin Taesoo","3635","3356","60","80x80","Symbols","Music","","192"
"","[#196360:Classical Building]","Forest Cat","3092","2834","57","80x80","Houses","History","","193"
"","[#185504:Mother of Dragons]","iltarusko","3074","2838","57","80x80","Movies","Dragons","","194"
"","[#144301:Modern sonic]","nessdabest","3014","2782","56","80x80","Video","","","195"
"","[#138694:Mary at the cross]","goije","2055","2055","60","80x80","History","Holidays","","196"
"","[#146737:Animal]","AJ7411","2621","~2419","49","80x80","Animals","","","197"
"","[#183573:Anxiety]","iltarusko","3022","2790","56","80x80","Smiles","","","198"
"","[#195912:Humming Bird]","Mike1955","2096","2096","60","80x80","Birds","Flowers","","199"
"","[#39061:Chess]","MasterAlex","2172","2172","60","80x80","Games","","","200"
"","[#187748:List of 60 MP]","Effti","2247","~2059","42","80x80","Designs","","","201"
"","[#40433:tigress]","Alexroma5","2225","~2053","42","80x80","Cats","","","202"
"","[#147286:Animal]","AJ7411","2264","~2075","42","80x80","Animals","","","203"
"","[#186918:David and Goliath]","Konig","2719","2509","51","80x80","People","History","","204"
"","[#154950:++No Squares 7]","kata57","2322","2322","47","80x80","Designs","","","205"
"","[#182075:Elegant lady]","iltarusko","2912","~2688","54","80x80","People","","","206"
"","[#145338:Pokemon]","AJ7411","2209","~2039","41","73x80","Super","","","207"
"","[#103321:Biang]","Hugo Carneiro","2098","~1923","39","80x80","Painting","Symbols","","208"
"","[#185480:Dragon II]","iltarusko","2361","2180","44","80x80","Dragons","","","209"
"","[#180719:Bride]","iltarusko","2729","~2519","51","80x80","People","","","210"
"","[#158515:Geralt of Rivia]","Aorlinn","2851","2613","53","80x80","Fantasy","People","","211"
"","[#94979:Mandala]","SaraLW","2078","~1904","39","80x80","Designs","","","212"
"","[#193755:Horse 2]","Dark_Angel","2352","~2171","44","80x80","Animals","","","213"
"","[#208469:Different things 80x80]","Goose1","2982","2753","56","80x80","Adventures","Pirates","","214"
"","[#207615:Spitz]","yagr","2649","~2445","49","80x80","Dogs","","","215"
"","[#207651:Falcon]","yagr","2192","~2009","41","80x80","Birds","","","216"
"","[#207616:Tiger]","yagr","2779","2565","52","80x80","Cats","","","217"
"","[#200781:Black Dream Catcher]","Jan Kokto","2013","~1845","37","75x80","Horoscope","Objects","","218"
"","[#204473:Dragon]","yagr","2561","~2364","48","80x80","Dragons","","","219"
"","[#205915:Manul]","yagr","2391","2207","45","80x80","Cats","","","220"
"","[#206129:Lynx]","yagr","2290","~2113","43","74x80","Cats","","","221"
"","[#211153:Different things 80x80]","Goose1","2407","2222","45","80x80","Fish","","","222"
"","[#205413:American Bulldog]","yagr","2173","~2005","41","80x80","Dogs","","","223"
"","[#201465:Cat's eye. Mark]","Jan Kokto","2137","~1972","40","70x70","Cats","","","224"
"","[#204732:Summer on the beach]","blinchoff","2489","~2297","46","60x80","Nature","Twilight","","225"
"","[#207688:Different things 80x80]","Goose1","2603","2403","49","80x80","Fish","","","226"
"","[#203202:sick, twisted, demented]","Psexanutik","2243","~2070","42","60x80","People","Smiles","","227"
"","[#204196:Ace One Piece]","henri1673","2522","~2328","47","80x80","Anime","","","228"
"","[#205109:Fox cub]","Jan Kokto","2675","2452","50","80x80","Animals","","","229"
"","[#205462:Girl with big curls]","Jan Kokto","2525","2331","47","80x80","People","","","230"
"","[#208874:Punisher - Frank Castle]","Crep","2761","2548","51","80x80","Cartoon","Super","","231"
"","[#172814:A luxuriant tree]","Turkish_123","2055","~1896","38","79x74","Plants","","","232"
"","[#128031:(G)I-DLE Soyeon]","GM Roach","2633","2430","49","80x80","People","Music","","233"
"","[#183672:Peaceful moment]","iltarusko","2808","2592","52","80x80","Objects","","","234"
"","[#188582:Winter night]","iltarusko","2485","2294","46","80x80","Nature","Twilight","","235"
"","[#192620:Fairy]","iltarusko","2685","2479","50","80x80","Fantasy","Unreal","","236"
"","[#193295:One day I'm going to go crazy]","Jan Kokto","2130","1966","40","80x80","People","Japan","","237"
"","[#202477:To bee or not to bee]","The Rabbit","2738","2528","51","80x80","Insects","","","238"
"","[#207807:Tiger]","yagr","2187","2018","41","80x80","Cats","","","239"
"","[#211086:Cat. Frenzy]","Jan Kokto","2387","2188","44","80x80","Cats","","","240"
"","[#132411:Cat from Hell]","Jan Kokto","2220","2035","41","80x80","Cats","","","241"
"","[#172178:anime girl]","Feodor2020","2463","~2273","46","80x80","Anime","","","242"
"","[#179121:Lifecircle]","iltarusko","2387","2188","44","80x80","People","","","243"
"","[#180736:Tex Willer]","iltarusko","2705","2497","50","80x80","Cartoon","People","","244"
"","[#185621:Lady in a evening gown]","iltarusko","2658","2453","50","80x80","People","","","245"
"","[#188032:Unimaginable suffering]","Anowyn","2388","2204","45","80x80","People","Around","","246"
"","[#207509:Rhinoceros]","yagr","2155","1989","40","80x80","Animals","","","247"
"","[#208948:The Beagle]","yagr","2079","1919","39","80x80","Dogs","","","248"
"","[#45889:Dragon Girl]","LUNA-CROIX","2090","~1929","39","60x80","Kawaii","Anime","","249"
"","[#135670:Beethoven]","the agreste","2013","~1845","37","80x80","People","Music","","250"
"","[#182274:Highland cattle]","iltarusko","2090","~1929","39","80x80","Animals","","","251"
"","[#209103:A dinosaur in the forest]","artbyROO","2426","2224","45","80x80","Animals","Nature","","252"
"","[#46441:Alice in Wonderland]","Ksana","2264","2090","42","80x80","Movies","Fantasy","","253"
"","[#82538:The Kraken]","Marco818","2652","2448","49","80x80","Unreal","Ships","","254"
"","[#99747:Yodo Boruto]","XIII","2702","2495","50","80x80","Anime","","","255"
"","[#146431:Pokemon]","AJ7411","2226","~2054","42","80x70","Super","","","256"
"","[#145126:Kid Trunks ss]","AJ7411","2596","~2396","48","80x80","Anime","","","257"
"","[#147393:Animal]","AJ7411","2118","~1941","39","80x80","Cats","","","258"
"","[#147884:Simba 3]","AJ7411","2555","~2358","48","80x77","Cartoon","Animals","","259"
"","[#189159:86]","rphii","2635","~2415","49","80x80","Anime","","","260"
"","[#212748:Frog souls]","Goose1","3323","3068","60","80x80","Unreal","Fish","","261"
"","[#213576:Different things 80x80]","Goose1","3047","2813","57","80x80","People","Around","","262"
"","[#214671:Mega-pazle]","Goose1","3485","3217","60","80x80","Video","Games","","263"
"","[#214870:Different things 80x80]","Goose1","3241","2991","60","80x80","Fish","","","264"
"","[#19748:Font]","ladyfermata","3156","2893","58","80x80","Symbols","","","265"
"","[#33965:Patchwork (hard)]","Zelie","3070","2834","57","80x80","Symbols","","","266"
"","[#218144:One Piece Nika]","fdra","3254","3003","60","80x80","Anime","","","267"
"","[#226001:puzzle]","Goose1","3526","3255","60","80x80","Games","","","268"
"","[#206038:Saint Bernard]","yagr","2636","2433","49","80x80","Dogs","","","269"
"","[#231886:Sugar Skull]","Ephemera","3264","3013","60","80x80","History","Holidays","","270"
"","[#187107:Tiger]","Anowyn","2457","~2252","46","80x80","Animals","","","271"
"","[#40284:Locomotive]","belko61","2087","2087","60","80x80","Adventures","Transport","","272"
"","[#190637:with butterfly]","Dimsum","2150","~1970","40","80x80","Cats","","","273"
"","[#220521:Big Ben]","Arteliist","2230","2230","60","80x80","Houses","Around","","274"
"","[#213464:Cat]","Glotecir","2474","2284","46","80x80","Cats","","","275"
"","[#208324:Flower girl]","Mike1955","2066","2066","60","80x80","Flowers","People","","276"
"","[#26164:Drakkar]","belko61","2159","2159","60","75x80","Ships","","","277"
"","[#169615:WaterMelon]","Ap6y3","2028","~1859","38","80x80","Plants","","","278"
"","[#151507:Dog]","AJ7411","2193","~2010","41","80x80","Dogs","","","279"
"","[#149856:Butterfly 9]","AJ7411","2396","~2196","44","80x80","Insects","","","280"
"","[#232135:Viper]","ChefSloth","2152","1987","40","80x80","Animals","","","281"
"","[#223264:Darkwing Duck]","ChefSloth","2781","2568","52","80x80","Cartoon","Super","","282"
"","[#232545:Vongola (KHR)]","erikarasik","2279","2089","42","80x80","Anime","Symbols","","283"
"","[#232634:Octo cocosini]","Oceanofharmony","2090","~1929","39","80x80","Unreal","Games","","284"
"","[#232771:District 1 ""hunger games""]","erikarasik","2377","2179","44","80x80","Movies","Symbols","","285"
"","[#232800:District 2 ""hunger games""]","erikarasik","2474","2268","46","80x80","Movies","Symbols","","286"
"","[#232808:District 3 ""hunger games""]","erikarasik","2477","2271","46","80x80","Movies","Symbols","","287"
"","[#232645:Capital ""hunger games""]","erikarasik","2396","~2196","44","80x80","Movies","Symbols","","288"
"","[#232942:District 8 ""hunger games""]","erikarasik","2308","2116","43","80x80","Movies","Symbols","","289"
"","[#232895:District 5 ""hunger games""]","erikarasik","2430","2228","45","80x80","Movies","Symbols","","290"
"","[#232902:District 6 ""hunger games""]","erikarasik","2339","~2144","43","80x80","Movies","Symbols","","291"
"","[#226042:Nausicaa of the Valley of the Wind MANGA]","Lysy Jan FOX","","2255","60","80x80","Anime","","","292"
"","[#229931:""Gentleness"" (Cameron)]","Lysy Jan FOX","","2509","60","80x80","People","History","","293"
"","[#235782:Nausicaa of the Valley of the Wind MANGA]","Lysy Jan FOX","","2227","60","80x80","Anime","Unreal","","294"
"","[#234029:Nausicaa of the Valley of the Wind MANGA]","Lysy Jan FOX","","2224","60","80x80","Anime","","","295"
"","[#176598:Tattoo Extract]","Mike1955","","2333","60","80x80","Unreal","Insects","","296"
"","[#234028:Nausicaa of the Valley of the Wind MANGA]","Lysy Jan FOX","","2327","60","80x80","Anime","","","297"
"","[#224298:Nausicaa of the Valley of the Wind MANGA]","Lysy Jan FOX","","2396","60","80x80","Anime","","","298"
"","[#224299:Nausicaa of the Valley of the Wind MANGA]","Lysy Jan FOX","","2289","60","80x70","Anime","","","299"
"","[#229935:""Margie Thackeray"" (Cameron)]","Lysy Jan FOX","","2236","60","80x80","People","History","","300"
"","[#235780:Nausicaa of the Valley of the Wind MANGA]","Lysy Jan FOX","","2498","60","80x80","Anime","","","301"
"","[#228259:Nausicaa of the Valley of the Wind MANGA]","Lysy Jan FOX","","2164","60","80x80","Anime","","","302"
"","[#229934:""Saint Agnes"" (Cameron)]","Lysy Jan FOX","","2242","60","80x80","People","History","","303"
"","[#125123:""The Red and White Roses"" (Cameron)]","Lysy Jan FOX","","2308","60","80x80","People","History","","304"
"","[#229933:""Cupid"" (Cameron)]","Lysy Jan FOX","","2649","60","80x80","People","History","","305"
"","[#136536:""Little Margie"" (Cameron)]","Lysy Jan FOX","","2220","60","80x80","People","History","","306"
"","[#154188:""Faith"" (Cameron)]","Lysy Jan FOX","","2121","60","80x80","People","History","","307"
"","[#154187:""Study after manner of Francia""(Cameron)]","Lysy Jan FOX","","2173","60","80x80","People","History","","308"
"","[#124727:""Angel of the Nativity"" (Cameron)]","Lysy Jan FOX","","2188","60","80x80","People","History","","309"
"","[#153736:""The Whisper of the Muse"" (Cameron)]","Lysy Jan FOX","","2125","60","80x80","People","History","","310"
"","[#237090:Train Tunnel]","ChefSloth","","2100","60","80x80","Adventures","Transport","","311"
"","[#232992:District 11 (The Hunger Games)]","erikarasik","","2187","44","80x80","Movies","Symbols","","312"
"","[#236663:Nausicaa of the Valley of the Wind MANGA]","Lysy Jan FOX","","2132","60","75x80","Anime","Unreal","","313"
"","[#235820:Lollipop]","Goose1","","2235","45","80x80","Food","","","314"
"","[#180148:Visigoth Warrior]","Anowyn","","2009","41","80x80","People","History","","315"
"","[#186824:Owl]","Bramati","","2122","43","80x80","Birds","","","316"
"","[#151685:Dragon]","Yury_L","","2115","43","69x80","Dragons","","","317"
"","[#199546:Chlorella sp]","ima000","","2097","42","75x76","Plants","","","318"
"","[#233584:Maximalist 125 - Dancing Dryads]","gattaccia","","2593","60","80x80","Fantasy","Unreal","","319"